{"cameraMode":{"drawMode":0,"name":"Shaded","section":"Shading Mode"},"sceneLighting":true,"audioPlay":false,"sceneViewState":{"showFog":true,"showMaterialUpdate":true,"showSkybox":true,"showFlares":true,"showImageEffects":true,"showParticleSystems":true},"in2DMode":false,"pivot":{"x":0.053457509726285937,"y":1.6420189142227173,"z":-4.094805717468262},"rotation":{"x":0.13964079320430757,"y":-0.0050622448325157169,"z":0.0007331548840738833,"w":0.9902120232582092},"size":1.657958984375,"orthographic":false}