{"cameraMode":{"drawMode":0,"name":"Shaded","section":"Shading Mode"},"sceneLighting":true,"audioPlay":false,"sceneViewState":{"showFog":true,"showMaterialUpdate":true,"showSkybox":true,"showFlares":true,"showImageEffects":true,"showParticleSystems":true},"in2DMode":false,"pivot":{"x":0.5362369418144226,"y":1.9712700843811036,"z":-11.085118293762207},"rotation":{"x":0.00003910652594640851,"y":0.9995760321617127,"z":-0.0008968398906290531,"w":0.030007019639015199},"size":6.241130828857422,"orthographic":false}